pair_id,pair_type,E1_index,E2_index,E3_index,E4_index,k1_index,k2_index,k3_index,k4_index,E1,E2,E3,E4,k1,k2,k3,k4,kw1,kw2,kw3,kw4,k2_mapped,probability,k1_nscf_index,k2_nscf_index,k3_nscf_index,k4_nscf_index,k1_wc_index,k2_wc_index,k3_wc_index,k4_wc_index,C_Gaussian_FWHM_0.001,C_Gaussian_FWHM_0.005,C_Gaussian_FWHM_0.010,C_Gaussian_FWHM_0.030,C_Gaussian_FWHM_0.050,C_Gaussian_FWHM_0.070,C_Gaussian_FWHM_0.100,C_Gaussian_FWHM_0.150,C_Gaussian_FWHM_0.200,C_Lorentzian_FWHM_0.001,C_Lorentzian_FWHM_0.005,C_Lorentzian_FWHM_0.010,C_Lorentzian_FWHM_0.030,C_Lorentzian_FWHM_0.050,C_Lorentzian_FWHM_0.070,C_Lorentzian_FWHM_0.100,C_Lorentzian_FWHM_0.150,C_Lorentzian_FWHM_0.200,C_Rectangular_FWHM_0.001,C_Rectangular_FWHM_0.005,C_Rectangular_FWHM_0.010,C_Rectangular_FWHM_0.030,C_Rectangular_FWHM_0.050,C_Rectangular_FWHM_0.070,C_Rectangular_FWHM_0.100,C_Rectangular_FWHM_0.150,C_Rectangular_FWHM_0.200
9-9-9-7-w1:1-w1:0-w1:1-w1:1,eeh,9,9,9,7,1,0,1,1,0.4,0.40000000000000036,0.4,0.0,"[0.0, 0.0, 0.0]","[0.0, 0.0, 0.0]","[0.0, 0.0, 0.0]","[0.0, 0.0, 0.0]",0.001,0.02380952,0.001,0.001,"[0.0, 0.0, 0.0]",1.9124918384405066e-08,1,0,1,1,1,1,1,1,0.0,0.0,0.0,1.0251679172940622e-245,6.180760392849492e-109,2.4569099933877598e-71,1.939863089397777e-51,6.530832649946327e-41,2.7301145895503396e-37,3.788981481377367e-36,1.8944197000609324e-35,3.7883954648695465e-35,1.1350999861427658e-34,1.8871221300101139e-34,2.632138867954873e-34,3.7306952877892245e-34,5.49045721599169e-34,7.132211579597046e-34,0.0,0.0,0.0,0.0,0.0,0.0,0.0,0.0,0.0
9-9-9-8-w1:1-w1:0-w1:1-w1:1,eeh,9,9,9,8,1,0,1,1,0.4,0.40000000000000036,0.4,0.0,"[0.0, 0.0, 0.0]","[0.0, 0.0, 0.0]","[0.0, 0.0, 0.0]","[0.0, 0.0, 0.0]",0.001,0.02380952,0.001,0.001,"[0.0, 0.0, 0.0]",1.9124918384405066e-08,1,0,1,1,1,1,1,1,0.0,0.0,0.0,1.6820935741765073e-245,1.0141385121458609e-108,4.0312953209659125e-71,3.1829253072558653e-51,1.071578331098631e-40,4.4795691336577425e-37,6.216956810876705e-36,3.108361842051406e-35,6.215995275609908e-35,1.86247085781771e-34,3.09638799682327e-34,4.318810673193566e-34,6.1213208860275405e-34,9.008736398304681e-34,1.1702525223287942e-33,0.0,0.0,0.0,0.0,0.0,0.0,0.0,0.0,0.0
9-9-9-7-w1:1-w1:2-w1:1-w1:3,eeh,9,9,9,7,1,2,1,3,0.4,1.3007999999999997,0.4,-0.1233000000000004,"[0.0, 0.0, 0.0]","[-0.16839947530006705, 0.059538233452204097, 0.0]","[0.0, 0.0, 0.0]","[0.16839947530006705, -0.059538233452204097, 0.0]",0.001,0.02380952,0.001,0.001,"[-0.168399475300067, 0.059538233452204076, 0.0]",1.630975004962732e-10,1,2,1,3,1,1,1,1,0.0,0.0,0.0,2.3581958836133173e-221,1.4913320368630867e-99,4.4257283142467674e-66,2.243527180116195e-48,5.103577367830339e-39,8.308030563609023e-36,3.850448607366153e-35,1.925143248717217e-34,3.849779991865817e-34,1.1533156638065411e-33,1.9168209404501973e-33,2.6723469539570366e-33,3.784071062217144e-33,5.556362561569128e-33,7.195953667021837e-33,0.0,0.0,0.0,0.0,0.0,0.0,0.0,0.0,0.0
9-9-9-7-w1:1-w1:4-w1:1-w1:5,eeh,9,9,9,7,1,4,1,5,0.4,1.3007999999999997,0.4,-0.1233000000000004,"[0.0, 0.0, 0.0]","[0.16839947530006705, -0.059538233452204097, 0.0]","[0.0, 0.0, 0.0]","[-0.16839947530006705, 0.059538233452204097, 0.0]",0.001,0.02380952,0.001,0.001,"[0.16839947530006705, -0.05953823345220409, 0.0]",1.630975004962732e-10,1,4,1,5,1,1,1,1,0.0,0.0,0.0,2.3581931170307787e-221,1.4913302872657774e-99,4.4257231220815356e-66,2.2435245480604074e-48,5.1035713804277945e-39,8.308020816813836e-36,3.850444090106174e-35,1.9251409901823197e-34,3.849775475390244e-34,1.1533143107624623e-33,1.916818691678846e-33,2.672343818819505e-33,3.784066622829814e-33,5.5563560429691456e-33,7.195945224890329e-33,0.0,0.0,0.0,0.0,0.0,0.0,0.0,0.0,0.0
9-9-9-7-w1:1-w1:6-w1:1-w1:7,eeh,9,9,9,7,1,6,1,7,0.4,1.3007999999999997,0.4,-0.1233000000000004,"[0.0, 0.0, 0.0]","[0.0, -0.1786146515275799, 0.0]","[0.0, 0.0, 0.0]","[0.0, 0.1786146515275799, 0.0]",0.001,0.02380952,0.001,0.001,"[0.0, -0.17861465152757985, 0.0]",1.630975004962732e-10,1,6,1,7,1,1,1,1,0.0,0.0,0.0,7.38865951904073e-221,4.672616353368916e-99,1.3866617215717878e-65,7.02938147368519e-48,1.599044242338424e-38,2.603058106192366e-35,1.2064160553024715e-34,6.0318263164621235e-34,1.2062065658230157e-33,3.613549161482752e-33,6.0057510007409875e-33,8.372952347486937e-33,1.1856187549499534e-32,1.7409101346099658e-32,2.2546240509482286e-32,0.0,0.0,0.0,0.0,0.0,0.0,0.0,0.0,0.0
9-9-9-7-w1:1-w1:8-w1:1-w1:9,eeh,9,9,9,7,1,8,1,9,0.4,1.3007999999999997,0.4,-0.1233000000000004,"[0.0, 0.0, 0.0]","[0.0, 0.1786146515275799, 0.0]","[0.0, 0.0, 0.0]","[0.0, -0.1786146515275799, 0.0]",0.001,0.02380952,0.001,0.001,"[0.0, 0.17861465152757994, 0.0]",1.630975004962732e-10,1,8,1,9,1,1,1,1,0.0,0.0,0.0,7.388628616111096e-221,4.6725968102387975e-99,1.3866559218851876e-65,7.029352073429231e-48,1.59903755436592e-38,2.6030472189507375e-35,1.2064110094899842e-34,6.03180108846187e-34,1.2062015208867138e-33,3.6135340478812676e-33,6.0057258818002506e-33,8.372917327771039e-33,1.1856137961217837e-32,1.7409028532860323e-32,2.2546146210254905e-32,0.0,0.0,0.0,0.0,0.0,0.0,0.0,0.0,0.0
9-9-9-7-w1:1-w1:10-w1:1-w1:11,eeh,9,9,9,7,1,10,1,11,0.4,1.3007999999999997,0.4,-0.1233000000000004,"[0.0, 0.0, 0.0]","[0.08419973765003352, 0.05953820903768791, -0.14583825178845475]","[0.0, 0.0, 0.0]","[-0.08419973765003352, -0.05953820903768791, 0.14583825178845475]",0.001,0.02380952,0.001,0.001,"[0.08419973765003352, 0.0595382090376879, -0.14583825178845472]",1.630975004962732e-10,1,10,1,11,1,1,1,1,0.0,0.0,0.0,1.4177073103616018e-224,8.965634897121808e-103,2.6606726898225757e-69,1.3487704335112926e-51,3.068184027309372e-42,4.994646859737915e-39,2.3148243013936778e-38,1.1573634218281137e-37,2.314422341111568e-37,6.933537875690673e-37,1.152360191455598e-36,1.6065695978751363e-36,2.274919248698302e-36,3.3403907950539616e-36,4.3260851185647546e-36,0.0,0.0,0.0,0.0,0.0,0.0,0.0,0.0,0.0
9-9-9-7-w1:1-w1:12-w1:1-w1:13,eeh,9,9,9,7,1,12,1,13,0.4,1.3007999999999997,0.4,-0.1233000000000004,"[0.0, 0.0, 0.0]","[-0.08419973765003352, -0.059538209037687896, -0.14583825178845475]","[0.0, 0.0, 0.0]","[0.08419973765003352, 0.059538209037687896, 0.14583825178845475]",0.001,0.02380952,0.001,0.001,"[-0.0841997376500335, -0.05953820903768789, -0.14583825178845472]",1.630975004962732e-10,1,12,1,13,1,1,1,1,0.0,0.0,0.0,4.227942403779255e-222,2.673766840397822e-100,7.934762560411042e-67,4.022356142997972e-49,9.150058871002668e-40,1.4895231967734358e-36,6.903359917545146e-36,3.451534637627042e-35,6.902161175809849e-35,2.0677468881334276e-34,3.4366138075704907e-34,4.7911749328190865e-34,6.7843535026224564e-34,9.961844581305234e-34,1.2901420893762023e-33,0.0,0.0,0.0,0.0,0.0,0.0,0.0,0.0,0.0
9-9-9-7-w1:1-w1:14-w1:1-w1:15,eeh,9,9,9,7,1,14,1,15,0.4,1.3007999999999997,0.4,-0.1233000000000004,"[0.0, 0.0, 0.0]","[-0.08419973765003352, -0.05953820903768791, 0.14583825178845475]","[0.0, 0.0, 0.0]","[0.08419973765003352, 0.05953820903768791, -0.14583825178845475]",0.001,0.02380952,0.001,0.001,"[-0.08419973765003351, -0.0595382090376879, 0.14583825178845475]",1.630975004962732e-10,1,14,1,15,1,1,1,1,0.0,0.0,0.0,1.409273879747943e-224,8.91230156148923e-103,2.644845305459613e-69,1.3407470835704145e-51,3.049932504646595e-42,4.9649355029412964e-39,2.3010542446365916e-38,1.1504786833200754e-37,2.300654675471551e-37,6.892292753968829e-37,1.1455052153645848e-36,1.5970126934769794e-36,2.2613865727394818e-36,3.320520012286109e-36,4.300350794977968e-36,0.0,0.0,0.0,0.0,0.0,0.0,0.0,0.0,0.0
9-9-9-7-w1:1-w1:16-w1:1-w1:17,eeh,9,9,9,7,1,16,1,17,0.4,1.3007999999999997,0.4,-0.1233000000000004,"[0.0, 0.0, 0.0]","[0.08419973765003352, 0.059538209037687896, 0.14583825178845475]","[0.0, 0.0, 0.0]","[-0.08419973765003352, -0.059538209037687896, -0.14583825178845475]",0.001,0.02380952,0.001,0.001,"[0.08419973765003354, 0.0595382090376879, 0.14583825178845475]",1.630975004962732e-10,1,16,1,17,1,1,1,1,0.0,0.0,0.0,4.227869980006801e-222,2.673721039328946e-100,7.93462663958165e-67,4.022287240875331e-49,9.14990213240069e-40,1.4894976815514285e-36,6.903241664428124e-36,3.451475513557853e-35,6.902042943227025e-35,2.067711468060064e-34,3.4365549390920116e-34,4.791092860990765e-34,6.784237288060526e-34,9.961673936983182e-34,1.2901199895110222e-33,0.0,0.0,0.0,0.0,0.0,0.0,0.0,0.0,0.0
9-9-9-8-w1:1-w1:2-w1:1-w1:3,eeh,9,9,9,8,1,2,1,3,0.4,1.3007999999999997,0.4,-0.1233000000000004,"[0.0, 0.0, 0.0]","[-0.16839947530006705, 0.059538233452204097, 0.0]","[0.0, 0.0, 0.0]","[0.16839947530006705, -0.059538233452204097, 0.0]",0.001,0.02380952,0.001,0.001,"[-0.168399475300067, 0.059538233452204076, 0.0]",1.630975004962732e-10,1,2,1,3,1,1,1,1,0.0,0.0,0.0,4.008189003890649e-221,2.5347939553458353e-99,7.522341840488154e-66,3.813288385311277e-48,8.674471373811038e-39,1.4121030818704237e-35,6.544547836477243e-35,3.2721361503690703e-34,6.543411401071304e-34,1.960272763516632e-33,3.257990851959108e-33,4.5421467104840536e-33,6.431726951486189e-33,9.44406335184788e-33,1.2230850948848903e-32,0.0,0.0,0.0,0.0,0.0,0.0,0.0,0.0,0.0
9-9-9-8-w1:1-w1:4-w1:1-w1:5,eeh,9,9,9,8,1,4,1,5,0.4,1.3007999999999997,0.4,-0.1233000000000004,"[0.0, 0.0, 0.0]","[0.16839947530006705, -0.059538233452204097, 0.0]","[0.0, 0.0, 0.0]","[-0.16839947530006705, 0.059538233452204097, 0.0]",0.001,0.02380952,0.001,0.001,"[0.16839947530006705, -0.05953823345220409, 0.0]",1.630975004962732e-10,1,4,1,5,1,1,1,1,0.0,0.0,0.0,4.0081912883410245e-221,2.5347954000409324e-99,7.52234612781508e-66,3.81329055867887e-48,8.67447631778932e-39,1.4121038866926046e-35,6.544551566514611e-35,3.272138015309234e-34,6.543415130460967e-34,1.960273880765805e-33,3.257992708837219e-33,4.5421492992613655e-33,6.431730617221772e-33,9.444068734451853e-33,1.2230857919770687e-32,0.0,0.0,0.0,0.0,0.0,0.0,0.0,0.0,0.0
9-9-9-8-w1:1-w1:6-w1:1-w1:7,eeh,9,9,9,8,1,6,1,7,0.4,1.3007999999999997,0.4,-0.1233000000000004,"[0.0, 0.0, 0.0]","[0.0, -0.1786146515275799, 0.0]","[0.0, 0.0, 0.0]","[0.0, 0.1786146515275799, 0.0]",0.001,0.02380952,0.001,0.001,"[0.0, -0.17861465152757985, 0.0]",1.630975004962732e-10,1,6,1,7,1,1,1,1,0.0,0.0,0.0,9.079926198431688e-221,5.742179827455772e-99,1.7040690617310682e-65,8.6384092861774e-48,1.9650660138072016e-38,3.198898992915652e-35,1.4825651010877412e-34,7.412513413846513e-34,1.482307659395117e-33,4.44069179478552e-33,7.38046944947942e-33,1.0289523990413511e-32,1.4570072916040532e-32,2.1394050571181995e-32,2.7707082638011254e-32,0.0,0.0,0.0,0.0,0.0,0.0,0.0,0.0,0.0
9-9-9-8-w1:1-w1:8-w1:1-w1:9,eeh,9,9,9,8,1,8,1,9,0.4,1.3007999999999997,0.4,-0.1233000000000004,"[0.0, 0.0, 0.0]","[0.0, 0.1786146515275799, 0.0]","[0.0, 0.0, 0.0]","[0.0, -0.1786146515275799, 0.0]",0.001,0.02380952,0.001,0.001,"[0.0, 0.17861465152757994, 0.0]",1.630975004962732e-10,1,8,1,9,1,1,1,1,0.0,0.0,0.0,9.079957876345944e-221,5.742199860689109e-99,1.7040750068623878e-65,8.638439423733885e-48,1.9650728695008857e-38,3.19891015318786e-35,1.48257027343927e-34,7.412539274515336e-34,1.482312830848487e-33,4.4407072874063664e-33,7.380495198353726e-33,1.0289559888354923e-32,1.4570123747898682e-32,2.1394125210433987e-32,2.770717930207756e-32,0.0,0.0,0.0,0.0,0.0,0.0,0.0,0.0,0.0
9-9-9-8-w1:1-w1:10-w1:1-w1:11,eeh,9,9,9,8,1,10,1,11,0.4,1.3007999999999997,0.4,-0.1233000000000004,"[0.0, 0.0, 0.0]","[0.08419973765003352, 0.05953820903768791, -0.14583825178845475]","[0.0, 0.0, 0.0]","[-0.08419973765003352, -0.05953820903768791, 0.14583825178845475]",0.001,0.02380952,0.001,0.001,"[0.08419973765003352, 0.0595382090376879, -0.14583825178845472]",1.630975004962732e-10,1,10,1,11,1,1,1,1,0.0,0.0,0.0,6.896163460023497e-222,4.361159974386596e-100,1.294232853885539e-66,6.560833333904595e-49,1.4924588751934886e-39,2.4295495211250913e-36,1.1260015834702758e-35,5.629770885178735e-35,1.1258060576526684e-34,3.372685616950882e-34,5.605433637127003e-34,7.81484758939791e-34,1.106590541130516e-33,1.624868601204744e-33,2.1043405716789553e-33,0.0,0.0,0.0,0.0,0.0,0.0,0.0,0.0,0.0
9-9-9-8-w1:1-w1:12-w1:1-w1:13,eeh,9,9,9,8,1,12,1,13,0.4,1.3007999999999997,0.4,-0.1233000000000004,"[0.0, 0.0, 0.0]","[-0.08419973765003352, -0.059538209037687896, -0.14583825178845475]","[0.0, 0.0, 0.0]","[0.08419973765003352, 0.059538209037687896, 0.14583825178845475]",0.001,0.02380952,0.001,0.001,"[-0.0841997376500335, -0.05953820903768789, -0.14583825178845472]",1.630975004962732e-10,1,12,1,13,1,1,1,1,0.0,0.0,0.0,1.5805087837248417e-220,9.995197600382482e-99,2.9662092634683494e-65,1.5036555866028763e-47,3.4205168935821157e-38,5.568203800406446e-35,2.580645606037865e-34,1.29026847840307e-33,2.58019748691487e-33,7.729746072920296e-33,1.284690705407921e-32,1.7910589460523338e-32,2.5361580832332056e-32,3.7239823439365594e-32,4.8228682176217033e-32,0.0,0.0,0.0,0.0,0.0,0.0,0.0,0.0,0.0
9-9-9-8-w1:1-w1:14-w1:1-w1:15,eeh,9,9,9,8,1,14,1,15,0.4,1.3007999999999997,0.4,-0.1233000000000004,"[0.0, 0.0, 0.0]","[-0.08419973765003352, -0.05953820903768791, 0.14583825178845475]","[0.0, 0.0, 0.0]","[0.08419973765003352, 0.05953820903768791, -0.14583825178845475]",0.001,0.02380952,0.001,0.001,"[-0.08419973765003351, -0.0595382090376879, 0.14583825178845475]",1.630975004962732e-10,1,14,1,15,1,1,1,1,0.0,0.0,0.0,6.896249969490211e-222,4.3612146833020424e-100,1.2942490894917047e-66,6.560915636796082e-49,1.4924775974616218e-39,2.4295799988007795e-36,1.1260157086859947e-35,5.62984150828386e-35,1.1258201804155985e-34,3.37272792587175e-34,5.6055039549316e-34,7.81494562337018e-34,1.1066044228428824e-33,1.6248889844971337e-33,2.104366969745314e-33,0.0,0.0,0.0,0.0,0.0,0.0,0.0,0.0,0.0
9-9-9-8-w1:1-w1:16-w1:1-w1:17,eeh,9,9,9,8,1,16,1,17,0.4,1.3007999999999997,0.4,-0.1233000000000004,"[0.0, 0.0, 0.0]","[0.08419973765003352, 0.059538209037687896, 0.14583825178845475]","[0.0, 0.0, 0.0]","[-0.08419973765003352, -0.059538209037687896, -0.14583825178845475]",0.001,0.02380952,0.001,0.001,"[0.08419973765003354, 0.0595382090376879, 0.14583825178845475]",1.630975004962732e-10,1,16,1,17,1,1,1,1,0.0,0.0,0.0,1.5805091470879901e-220,9.99519989830484e-99,2.9662099454077024e-65,1.503655932297271e-47,3.4205176799679946e-38,5.568205080551222e-35,2.5806461993351135e-34,1.2902687750392048e-33,2.580198080109095e-33,7.729747850009358e-33,1.2846910007617112e-32,1.7910593578215212e-32,2.5361586663026546e-32,3.7239832000899463e-32,4.822869326411858e-32,0.0,0.0,0.0,0.0,0.0,0.0,0.0,0.0,0.0
9-9-9-8-w1:1-w1:18-w1:1-w1:19,eeh,9,9,9,8,1,18,1,19,0.4,1.8883999999999999,0.4,-0.1452999999999997,"[0.0, 0.0, 0.0]","[0.16839947530006705, -0.238152884979784, 0.0]","[0.0, 0.0, 0.0]","[-0.16839947530006705, 0.238152884979784, 0.0]",0.001,0.02380952,0.001,0.001,"[0.16839947530006705, -0.23815288497978396, 0.0]",6.964131132704458e-11,1,18,1,19,1,1,1,1,0.0,0.0,0.0,0.0,0.0,1.932696037429836e-250,4.035738489690982e-139,8.496771784625328e-80,4.257091508084784e-59,9.654275756763782e-37,4.827105315531584e-36,9.654007118911788e-36,2.8955510569155625e-35,4.823749628661437e-35,6.748700114695623e-35,9.627218622327028e-35,1.439040957527964e-34,1.909388327434042e-34,0.0,0.0,0.0,0.0,0.0,0.0,0.0,0.0,0.0
9-9-9-8-w1:1-w1:20-w1:1-w1:21,eeh,9,9,9,8,1,20,1,21,0.4,1.8883999999999999,0.4,-0.1452999999999997,"[0.0, 0.0, 0.0]","[-0.16839947530006705, 0.238152884979784, 0.0]","[0.0, 0.0, 0.0]","[0.16839947530006705, -0.238152884979784, 0.0]",0.001,0.02380952,0.001,0.001,"[-0.168399475300067, 0.23815288497978399, 0.0]",6.964131132704458e-11,1,20,1,21,1,1,1,1,0.0,0.0,0.0,0.0,0.0,1.932696037429836e-250,4.0357378627108386e-139,8.496770464592527e-80,4.257090846715905e-59,9.65427425690466e-37,4.827104565607082e-36,9.6540056190944e-36,2.8955506070714954e-35,4.823748879258264e-35,6.748699066237956e-35,9.627217126671418e-35,1.4390407339629074e-34,1.9093880307972382e-34,0.0,0.0,0.0,0.0,0.0,0.0,0.0,0.0,0.0
9-9-9-8-w1:1-w1:22-w1:1-w1:23,eeh,9,9,9,8,1,22,1,23,0.4,1.8883999999999999,0.4,-0.1452999999999997,"[0.0, 0.0, 0.0]","[0.25259921295010057, -2.4414516187368884e-08, -0.14583825178845475]","[0.0, 0.0, 0.0]","[-0.25259921295010057, 2.4414516187368884e-08, 0.14583825178845475]",0.001,0.02380952,0.001,0.001,"[0.25259921295010057, -2.4414516186510582e-08, -0.14583825178845472]",6.964131132704458e-11,1,22,1,23,1,1,1,1,0.0,0.0,0.0,0.0,0.0,0.0,3.353410906067998e-143,7.060211468537238e-84,3.537339480198598e-63,8.022014730542787e-41,4.010980307864765e-40,8.021791511643701e-40,2.4059964534721037e-39,4.008191971361684e-39,5.6076885616380776e-39,7.999532181205423e-39,1.195740421134749e-38,1.5865655461800071e-38,0.0,0.0,0.0,0.0,0.0,0.0,0.0,0.0,0.0
9-9-9-8-w1:1-w1:24-w1:1-w1:25,eeh,9,9,9,8,1,24,1,25,0.4,1.8883999999999999,0.4,-0.1452999999999997,"[0.0, 0.0, 0.0]","[-0.25259921295010057, 2.4414516199530067e-08, -0.14583825178845475]","[0.0, 0.0, 0.0]","[0.25259921295010057, -2.4414516199530067e-08, 0.14583825178845475]",0.001,0.02380952,0.001,0.001,"[-0.25259921295010046, 2.4414516186510582e-08, -0.14583825178845472]",6.964131132704458e-11,1,24,1,25,1,1,1,1,0.0,0.0,0.0,0.0,0.0,1.932696037429836e-250,4.108742023254413e-139,8.650472121191787e-80,4.3340991545383235e-59,9.828914486711197e-37,4.9144240914673385e-36,9.828640989398537e-36,2.9479294405269223e-35,4.911007702695997e-35,6.870779123677802e-35,9.801367908662813e-35,1.4650721473858803e-34,1.943927754407202e-34,0.0,0.0,0.0,0.0,0.0,0.0,0.0,0.0,0.0
9-9-9-8-w1:1-w1:26-w1:1-w1:27,eeh,9,9,9,8,1,26,1,27,0.4,1.8883999999999999,0.4,-0.1452999999999997,"[0.0, 0.0, 0.0]","[-0.08419973765003352, -0.2381528605652678, -0.14583825178845475]","[0.0, 0.0, 0.0]","[0.08419973765003352, 0.2381528605652678, 0.14583825178845475]",0.001,0.02380952,0.001,0.001,"[-0.0841997376500335, -0.23815286056526777, -0.14583825178845472]",6.964131132704458e-11,1,26,1,27,1,1,1,1,0.0,0.0,0.0,0.0,0.0,6.8212801321053035e-251,1.4795279322717736e-139,3.1149717013637428e-80,1.5606773859449658e-59,3.5393201726209833e-37,1.7696481485581555e-36,3.539221688240316e-36,1.0615278167723057e-35,1.7684179319648299e-35,2.474117277847317e-35,3.529400851468566e-35,5.275617579742558e-35,6.999941575026727e-35,0.0,0.0,0.0,0.0,0.0,0.0,0.0,0.0,0.0
9-9-9-8-w1:1-w1:28-w1:1-w1:29,eeh,9,9,9,8,1,28,1,29,0.4,1.8883999999999999,0.4,-0.1452999999999997,"[0.0, 0.0, 0.0]","[0.08419973765003352, 0.23815286056526783, -0.14583825178845475]","[0.0, 0.0, 0.0]","[-0.08419973765003352, -0.23815286056526783, 0.14583825178845475]",0.001,0.02380952,0.001,0.001,"[0.08419973765003352, 0.23815286056526785, -0.14583825178845472]",6.964131132704458e-11,1,28,1,29,1,1,1,1,0.0,0.0,0.0,0.0,0.0,2.3874480462368564e-250,4.9801370117853705e-139,1.0485091577017995e-79,5.253288595414811e-59,1.1913461722323592e-36,5.9566906783163427e-36,1.1913130220836837e-35,3.5731356293017895e-35,5.952549731021399e-35,8.327955666227852e-35,1.1880072978978217e-34,1.7757892768242339e-34,2.3562020937717757e-34,0.0,0.0,0.0,0.0,0.0,0.0,0.0,0.0,0.0
9-9-9-8-w1:1-w1:30-w1:1-w1:31,eeh,9,9,9,8,1,30,1,31,0.4,1.8883999999999999,0.4,-0.1452999999999997,"[0.0, 0.0, 0.0]","[-1.2856411751856643e-17, 1.2161184174984452e-17, -0.2916765035769095]","[0.0, 0.0, 0.0]","[1.2856411751856643e-17, -1.2161184174984452e-17, 0.2916765035769095]",0.001,0.02380952,0.001,0.001,"[0.0, 0.0, -0.29167650357690944]",6.964131132704458e-11,1,30,1,31,1,1,1,1,0.0,0.0,0.0,0.0,0.0,2.3874480462368564e-250,4.899858159826511e-139,1.031607391495477e-79,5.168606592399542e-59,1.172141900790416e-36,5.860669968846376e-36,1.172109285015769e-35,3.51553736934733e-35,5.856595772826362e-35,8.193710620666471e-35,1.168856848468762e-34,1.7471638948062413e-34,2.318220568640353e-34,0.0,0.0,0.0,0.0,0.0,0.0,0.0,0.0,0.0
9-9-9-8-w1:1-w1:32-w1:1-w1:33,eeh,9,9,9,8,1,32,1,33,0.4,1.8883999999999999,0.4,-0.1452999999999997,"[0.0, 0.0, 0.0]","[1.2856411751856643e-17, -1.2161184174984452e-17, 0.2916765035769095]","[0.0, 0.0, 0.0]","[-1.2856411751856643e-17, 1.2161184174984452e-17, -0.2916765035769095]",0.001,0.02380952,0.001,0.001,"[2.7755575615628914e-17, -2.7755575615628914e-17, 0.2916765035769095]",6.964131132704458e-11,1,32,1,33,1,1,1,1,0.0,0.0,0.0,0.0,0.0,2.3874480462368564e-250,4.899853174487483e-139,1.0316063418910955e-79,5.168601333623608e-59,1.1721407081998196e-36,5.8606640059336175e-36,1.1721080924583574e-35,3.515533792479371e-35,5.856589814058876e-35,8.193702284011814e-35,1.1688556592205277e-34,1.7471621171620583e-34,2.31821820997708e-34,0.0,0.0,0.0,0.0,0.0,0.0,0.0,0.0,0.0
9-9-9-8-w1:1-w1:34-w1:1-w1:35,eeh,9,9,9,8,1,34,1,35,0.4,1.8883999999999999,0.4,-0.1452999999999997,"[0.0, 0.0, 0.0]","[-0.25259921295010057, 2.4414516187368884e-08, 0.14583825178845475]","[0.0, 0.0, 0.0]","[0.25259921295010057, -2.4414516187368884e-08, -0.14583825178845475]",0.001,0.02380952,0.001,0.001,"[-0.2525992129501007, 2.4414516242021733e-08, 0.14583825178845475]",6.964131132704458e-11,1,34,1,35,1,1,1,1,0.0,0.0,0.0,0.0,0.0,0.0,3.3534060495794506e-143,7.060201243772932e-84,3.5373343573403643e-63,8.022003112872373e-41,4.010974499068745e-40,8.021779894296557e-40,2.4059929690514496e-39,4.0081861666037966e-39,5.607680440451609e-39,7.999520596094767e-39,1.1957386894353467e-38,1.5865632484784665e-38,0.0,0.0,0.0,0.0,0.0,0.0,0.0,0.0,0.0
9-9-9-8-w1:1-w1:36-w1:1-w1:37,eeh,9,9,9,8,1,36,1,37,0.4,1.8883999999999999,0.4,-0.1452999999999997,"[0.0, 0.0, 0.0]","[-0.08419973765003352, -0.23815286056526783, 0.14583825178845475]","[0.0, 0.0, 0.0]","[0.08419973765003352, 0.23815286056526783, -0.14583825178845475]",0.001,0.02380952,0.001,0.001,"[-0.08419973765003351, -0.23815286056526797, 0.14583825178845475]",6.964131132704458e-11,1,36,1,37,1,1,1,1,0.0,0.0,0.0,0.0,0.0,2.3874480462368564e-250,4.980129917563855e-139,1.0485076640970635e-79,5.253281112087968e-59,1.1913444751558272e-36,5.956682192990924e-36,1.1913113250543744e-35,3.57313053935836e-35,5.952541251594773e-35,8.327943803027676e-35,1.1880056055775274e-34,1.7757867472065814e-34,2.356198737354161e-34,0.0,0.0,0.0,0.0,0.0,0.0,0.0,0.0,0.0
9-9-9-8-w1:1-w1:38-w1:1-w1:39,eeh,9,9,9,8,1,38,1,39,0.4,1.8883999999999999,0.4,-0.1452999999999997,"[0.0, 0.0, 0.0]","[0.08419973765003352, 0.2381528605652678, 0.14583825178845475]","[0.0, 0.0, 0.0]","[-0.08419973765003352, -0.2381528605652678, -0.14583825178845475]",0.001,0.02380952,0.001,0.001,"[0.08419973765003354, 0.2381528605652678, 0.14583825178845475]",6.964131132704458e-11,1,38,1,39,1,1,1,1,0.0,0.0,0.0,0.0,0.0,6.8212801321053035e-251,1.4795326263156161e-139,3.114981584119867e-80,1.5606823374486947e-59,3.5393314016918925e-37,1.7696537630557354e-36,3.539232916998768e-36,1.0615311846425592e-35,1.768423542559347e-35,2.4741251273881875e-35,3.52941204906881e-35,5.275634317500376e-35,6.999963783483853e-35,0.0,0.0,0.0,0.0,0.0,0.0,0.0,0.0,0.0
9-9-9-8-w1:1-w1:40-w1:1-w1:41,eeh,9,9,9,8,1,40,1,41,0.4,1.8883999999999999,0.4,-0.1452999999999997,"[0.0, 0.0, 0.0]","[0.25259921295010057, -2.4414516199530067e-08, 0.14583825178845475]","[0.0, 0.0, 0.0]","[-0.25259921295010057, 2.4414516199530067e-08, -0.14583825178845475]",0.001,0.02380952,0.001,0.001,"[0.25259921295010057, -2.4414516186510582e-08, 0.14583825178845475]",6.964131132704458e-11,1,40,1,41,1,1,1,1,0.0,0.0,0.0,0.0,0.0,1.932696037429836e-250,4.108741508413389e-139,8.650471037254687e-80,4.334098611459193e-59,9.82891325511078e-37,4.914423475671284e-36,9.828639757832392e-36,2.9479290711401365e-35,4.911007087328028e-35,6.870778262743012e-35,9.801366680514086e-35,1.4650719638067608e-34,1.9439275108256516e-34,0.0,0.0,0.0,0.0,0.0,0.0,0.0,0.0,0.0
9-9-9-6-w1:1-w1:0-w1:1-w1:1,eeh,9,9,9,6,1,0,1,1,0.4,0.40000000000000036,0.4,-0.2686999999999999,"[0.0, 0.0, 0.0]","[0.0, 0.0, 0.0]","[0.0, 0.0, 0.0]","[0.0, 0.0, 0.0]",0.001,0.02380952,0.001,0.001,"[0.0, 0.0, 0.0]",5.865843664741856e-13,1,0,1,1,1,1,1,1,0.0,0.0,0.0,0.0,1.1368800220175507e-251,1.3760775644767735e-146,1.0588202358938594e-90,5.777320055384028e-61,1.2774270248208861e-50,2.7970710749555385e-41,1.3985167721549347e-40,2.7969162675333407e-40,8.38699778072102e-40,1.396584298195695e-39,1.952601668529311e-39,2.7815215859194624e-39,4.1434863910245744e-39,5.4717778553610176e-39,0.0,0.0,0.0,0.0,0.0,0.0,0.0,0.0,0.0
